,EPO266.fut8.,WT
0,0.9188807967989868,0.8934955882835306
1,0.6477867234735752,0.897797356828194
2,0.9188807967989868,0.9084239311678781
5,0.6477867234735752,0.897797356828194
7,0.6477867234735752,0.897797356828194
9,0.6477867234735752,0.897797356828194
11,0.6477867234735752,0.897797356828194
13,0.7128624125211154,1.0
