,EPO266.fut8.,WT
0,0.7950030102347984,0.8708189158016145
2,0.7950030102347984,0.8708189158016145
3,1.0,1.0
4,0.7950030102347984,0.8708189158016145
5,1.0,1.0
8,1.0,1.0
9,0.7950030102347984,0.8708189158016145
12,0.7950030102347984,0.8708189158016145
13,1.0,1.0
16,1.0,1.0
17,0.7950030102347984,0.8708189158016145
20,0.7950030102347984,0.8708189158016145
21,1.0,1.0
26,0.4836057645807138,0.38706644379440036
