,EPO266.fut8.,WT
0,0.9188807967989868,0.8934955882835306
